{"cameraMode":{"drawMode":0,"name":"Shaded","section":"Shading Mode"},"sceneLighting":true,"audioPlay":false,"sceneViewState":{"showFog":true,"showMaterialUpdate":false,"showSkybox":true,"showFlares":true,"showImageEffects":true,"showParticleSystems":true},"in2DMode":false,"pivot":{"x":-22.62255859375,"y":-12.662094116210938,"z":33.57489776611328},"rotation":{"x":-0.4068528413772583,"y":-0.3504762053489685,"z":0.17268796265125276,"w":-0.8257215619087219},"size":267.82318115234377,"orthographic":false}