{"cameraMode":{"drawMode":0,"name":"Shaded","section":"Shading Mode"},"sceneLighting":true,"audioPlay":false,"sceneViewState":{"showFog":true,"showMaterialUpdate":false,"showSkybox":true,"showFlares":true,"showImageEffects":true,"showParticleSystems":true},"in2DMode":false,"pivot":{"x":-20.56031036376953,"y":0.844475507736206,"z":96.5007095336914},"rotation":{"x":-0.07473938167095185,"y":-0.4980204403400421,"z":0.043136488646268848,"w":-0.8628608584403992},"size":12.50899600982666,"orthographic":false}